Words, Inverted Index 
one wish, 32, 1 
wish dark, 1 
dark tree, 1 
tree old, 1 
old firm, 1 
firm scar, 1 
scar show, 1 
show breeze, 1 
breeze were, 1 
were mere, 1 
mere mask, 1 
mask gloom, 1 
gloom stretch, 1 
stretch away, 1 
away unto, 1 
unto edge, 1 
edge doom, 1 
doom withhold, 1 
withhold day, 1 
day vast, 1 
vast steal, 1 
steal away, 1 
away fearless, 1 
fearless ever, 1 
ever find, 1 
find open, 1 
open land, 1 
land highway, 1 
highway slow, 1 
slow wheel, 1 
wheel pour, 1 
pour sand, 1 
sand see, 1 
see who, 1 
who e, 1 
e er, 1 
er turn, 1 
turn back, 1 
back set, 1 
set forth, 1, 50 
forth upon, 1 
upon track, 1 
track overtake, 1 
overtake miss, 1 
miss long, 1 
long know, 1 
know still, 1 
still hold, 1 
hold dear, 1 
dear would, 1 
would find, 1 
find change, 1 
change know, 1 
know only, 1 
only sure, 1 
sure think, 1 
think wa, 1 
wa true, 1, 26 
dwell lone, 2 
lone house, 2, 46 
house know, 2 
know vanish, 2 
vanish man, 2 
man summer, 2 
summer ago, 2 
ago leave, 2 
leave trace, 2 
trace cellar, 2 
cellar wall, 2 
wall cellar, 2 
cellar daylight, 2 
daylight fall, 2 
fall purple, 2 
purple stem, 2 
stem wild, 2 
wild raspberri, 2 
raspberri grow, 2 
grow er, 2 
er ruin, 2 
ruin fence, 2 
fence grape, 2 
grape vine, 2 
vine shield, 2 
shield wood, 2 
wood come, 2, 28 
come back, 2, 28, 45 
back now, 2 
now field, 2, 5 
field orchard, 2 
orchard tree, 2 
tree ha, 2 
ha grow, 2 
grow one, 2 
one cop, 2 
cop new, 2 
new wood, 2 
wood old, 2 
old woodcock, 2 
woodcock chop, 2 
chop footpaths, 2 
footpaths well, 2 
well heal, 2 
heal dwell, 2 
dwell strange, 2 
strange each, 2 
each heart, 2 
heart vanish, 2 
vanish abode, 2 
abode far, 2 
far apart, 2 
apart disuse, 2 
disuse forget, 2 
forget road, 2 
road ha, 2 
ha dust, 2 
dust bath, 2 
bath told, 2 
told night, 2 
night come, 2 
come black, 2 
black bat, 2 
bat tumble, 2 
tumble dart, 2 
dart whippoorwil, 2 
whippoorwil come, 2 
come shout, 2 
shout hush, 2 
hush clock, 2 
clock flutter, 2 
flutter hear, 2 
hear begin, 2 
begin far, 2 
far enough, 2 
enough away, 2 
away full, 2 
full man, 2 
man time, 2 
time say, 2 
say hi, 2 
hi say, 2 
say before, 2 
before arrive, 2 
arrive say, 2 
say small, 2 
small dim, 2 
dim summer, 2 
summer star, 2 
star know, 2 
know mute, 2 
mute folk, 2 
folk share, 2 
share unit, 2 
unit place, 2 
place stone, 2 
stone low, 2 
low limb, 2 
limb tree, 2 
tree doubtless, 2 
doubtless bear, 2 
bear name, 2 
name moss, 2 
moss may, 2 
may tireless, 2 
tireless folk, 2 
folk slow, 2 
slow sad, 2 
sad though, 2 
though two, 2 
two close, 2 
close keep, 2 
keep last, 2 
last lad, 2 
lad none, 2 
none among, 2 
among ever, 2 
ever sing, 2 
sing yet, 2 
yet view, 2 
view man, 2 
man thing, 2 
thing sweet, 2 
sweet companion, 2 
companion may, 2 
sorrow think, 3 
think dark, 3 
dark day, 3 
day autumn, 3 
autumn rain, 3 
rain beauty, 3 
beauty day, 3 
day love, 3 
love bare, 3 
bare either, 3 
either tree, 3 
tree walk, 3 
walk sodden, 3 
sodden pasteur, 3 
pasteur lane, 3 
lane pleasure, 3 
pleasure let, 3 
let stay, 3 
stay talk, 3 
talk fain, 3 
fain list, 3, 15 
list glad, 3 
glad bird, 3 
bird go, 3 
go away, 3, 47 
away glad, 3 
glad simple, 3 
simple bad, 3 
bad gray, 3 
gray silver, 3 
silver ll, 3 
ll mist, 3 
mist devil, 3 
devil desert, 3 
desert tree, 3 
tree fade, 3 
fade earth, 3 
earth heavy, 3 
heavy sky, 3 
sky beauty, 3 
beauty truly, 3 
truly see, 3 
see think, 3 
think eye, 3 
eye vex, 3 
vex reason, 3 
reason who, 3 
who yesterday, 3 
yesterday learn, 3 
learn know, 3 
know love, 3 
bare november, 3 
november day, 3 
day before, 3 
before come, 3, 23 
come snow, 3 
snow vain, 3 
vain tell, 3 
tell good, 3 
good pray, 3 
stranger come, 4 
come door, 4 
door eve, 4 
eve speak, 4 
speak bridegroom, 4 
bridegroom fair, 4 
fair bear, 4 
bear green, 4 
green white, 4 
white stick, 4 
stick hi, 4 
hi hand, 24, 33, 43, 4 
hand burden, 4 
burden care, 4 
care ask, 4 
ask eye, 4 
eye lip, 4 
lip shelter, 4 
shelter night, 4 
night turn, 4 
turn look, 4 
look road, 4 
road afar, 4 
afar without, 4 
without window, 4 
window light, 8, 4, 15 
light bridegroom, 4 
bridegroom come, 4 
come forth, 24, 4, 28 
forth porch, 4 
porch let, 4 
let us, 4, 47 
us look, 4 
look sky, 4 
sky question, 4 
question night, 4 
night strange, 4 
strange wooden, 4 
wooden leave, 4 
leave litter, 4 
litter yard, 4 
yard wooden, 4 
wooden burri, 4 
burri blue, 4 
blue autumn, 4 
autumn ye, 4 
ye winter, 4 
winter wa, 4 
wa wind, 4 
wind stranger, 4 
stranger wish, 4 
wish know, 4 
know within, 4 
within bride, 4 
bride dusk, 4 
dusk along, 4 
along bent, 4 
bent open, 4 
open fire, 4 
fire face, 4 
face rise, 4 
rise red, 4 
red glow, 4 
glow coal, 4 
coal thought, 4 
thought heart, 4 
heart desire, 4 
desire bridegroom, 4 
bridegroom look, 4 
look weary, 4 
weary road, 4 
road yet, 4 
yet see, 4 
see within, 4 
within wish, 4 
wish heart, 4 
heart case, 4 
case gold, 4 
gold pin, 4 
pin silver, 4 
silver pin, 4 
pin bridegroom, 4 
bridegroom think, 4 
think little, 4 
little give, 4 
give dole, 4 
dole bread, 4 
bread our, 4 
our heartfelt, 4 
heartfelt prayer, 4 
prayer poor, 4 
poor god, 4 
god rich, 4 
rich our, 4 
our whether, 4 
whether man, 4 
man wa, 4, 31 
wa ask, 4 
ask may, 4 
may love, 4 
love two, 4 
two harbor, 4 
harbor woe, 4 
woe bridal, 4 
bridal house, 4 
house bridegroom, 4 
bridegroom wish, 4 
go now, 5 
field heedless, 5 
heedless aftermath, 5 
aftermath smooth, 5 
smooth lay, 5 
lay like, 5 
like thatch, 5 
thatch heavy, 5 
heavy dew, 5, 15 
dew half, 5 
half close, 5 
close garden, 5 
garden path, 5 
path come, 5 
come garden, 5 
garden grind, 5 
grind whip, 5 
whip sober, 5 
sober bird, 5 
bird tangle, 5 
tangle weed, 5 
weed sad, 5 
sad and, 5 
and word, 5 
word tree, 5 
tree beside, 5 
beside wall, 5 
wall stand, 5 
stand bare, 5 
bare leaf, 5 
leaf linger, 5 
linger brown, 5 
brown disturb, 5 
disturb doubt, 5 
doubt thought, 5 
thought come, 5 
come softly, 5 
softly rattle, 5 
rattle end, 5 
end far, 5 
far go, 5 
go forth, 5 
forth pick, 5 
pick fade, 5 
fade blue, 5 
blue last, 5 
last remain, 5 
remain after, 5 
after flower, 5 
flower carry, 5 
countless congress, 6 
congress er, 6 
er tumult, 6 
tumult snow, 6 
snow flow, 6 
flow shape, 6 
shape tall, 6 
tall tree, 6 
tree wintry, 6 
wintry wind, 6 
wind blow, 6 
blow keen, 6 
keen fate, 6 
fate faster, 6 
faster step, 6 
step white, 6 
white rest, 6 
rest place, 6 
place rest, 6 
rest india, 6 
india dawn, 6 
dawn yet, 6 
yet neither, 6 
neither love, 6 
love hate, 6 
hate star, 6 
star like, 6 
like snow, 6 
snow white, 6 
white miners, 6 
miners snow, 6 
white marble, 6 
marble eye, 6 
eye without, 6 
without gift, 6 
gift sight, 6 
wind work, 7 
work us, 7 
us dark, 7 
dark pelt, 7 
pelt snow, 7 
snow low, 7 
low chamber, 7 
chamber window, 7 
window east, 7 
east whisper, 7 
whisper sort, 7 
sort still, 7 
still bark, 7 
bark beast, 7 
beast come, 7 
come come, 7 
come cost, 7 
cost inward, 7 
inward struggle, 7 
struggle go, 7 
go ah, 7 
ah count, 7 
count strength, 7 
strength two, 7 
two child, 7 
child us, 7 
us asleep, 7 
asleep subdue, 7 
subdue mark, 7 
mark cold, 7 
cold creep, 7 
creep fire, 7 
fire die, 7 
die length, 7 
length drift, 7 
drift pile, 7 
pile dockyard, 7 
dockyard road, 7 
road unload, 7 
unload till, 7 
till even, 7 
even comfort, 7 
comfort barn, 7 
barn grow, 7 
grow far, 7 
far away, 10, 29, 46, 7 
away heart, 7 
heart doubt, 7 
doubt whether, 26, 7 
whether ti, 7 
ti us, 7 
us arms, 7 
arms day, 7 
day save, 7 
save yourself, 7 
yourself unpaid, 7 
lover forget, 8 
forget love, 8 
love list, 8 
list love, 8 
love window, 8 
window flower, 8 
flower winter, 8 
winter breeze, 8 
breeze frost, 8 
frost window, 8 
window veil, 8 
veil wa, 8 
wa melt, 8 
melt noon, 8 
noon caged, 8 
caged yellow, 8 
yellow bird, 8 
bird hang, 8 
hang tune, 8 
tune mark, 8 
mark pane, 8 
pane could, 8 
could help, 8 
help mark, 8 
mark only, 8 
only pass, 8 
pass come, 8 
come dark, 8 
dark wa, 8 
wa winter, 8 
winter wind, 8 
wind concern, 8 
concern ice, 8 
ice snow, 8 
snow dead, 8 
dead weed, 8 
weed unit, 8 
unit bird, 8 
bird little, 8 
little love, 8 
love could, 8 
could know, 8 
know sigh, 8 
sigh upon, 8 
upon sill, 8 
sill give, 8 
give sash, 8 
sash shake, 8 
shake wit, 8 
wit within, 8 
within lie, 8 
lie night, 8 
night away, 8 
away perchance, 8 
perchance half, 8 
half prevail, 8 
prevail win, 8 
win flight, 8 
flight fidelity, 8 
fidelity look, 8 
look glass, 8 
glass warm, 8 
warm stove, 8 
stove window, 8 
light flower, 8 
flower lean, 8 
lean said, 8 
said thought, 8 
thought naught, 8 
naught say, 8 
say more, 8 
more find, 8 
find breeze, 8 
breeze under, 8 
under mile, 8 
mile away, 8 
come rain, 9 
rain loud, 9 
loud southwest, 9 
southwest bring, 9 
bring singer, 9 
singer bring, 9 
bring fester, 9 
fester give, 9 
give burn, 9 
burn flower, 9 
flower dream, 9 
dream make, 9 
make settle, 9 
settle snow, 9 
snow bank, 9 
bank steam, 9 
steam find, 9 
find brown, 9 
brown beneath, 9 
beneath white, 9 
white what, 9 
what er, 9 
er night, 9 
night bath, 9 
bath window, 9 
window make, 9 
make flow, 9 
flow melt, 9 
melt ice, 9 
ice go, 9 
go melt, 9 
melt glass, 9 
glass leave, 9 
leave stick, 9, 37 
stick like, 9 
like hermit, 9 
hermit crucify, 9 
crucify burst, 9 
burst narrow, 9 
narrow stall, 9 
stall swing, 9 
swing picture, 9 
picture wall, 9 
wall run, 9 
run rattle, 9 
rattle page, 9 
page er, 9 
er scatter, 9 
scatter poem, 9 
poem floor, 9 
floor turn, 9 
turn poet, 9 
poet door, 9 
oh give, 10 
give us, 10 
us pleasure, 10 
pleasure flower, 10 
flower day, 10 
day give, 10 
us think, 10 
think far, 10 
away uncertain, 10 
uncertain harvest, 10 
harvest keep, 10 
keep us, 10 
us simple, 10 
simple spring, 10 
spring year, 10 
year oh, 10 
pleasure orchard, 10 
orchard white, 10 
white like, 10 
like not, 10 
not el, 10 
el day, 10 
day like, 10 
like ghost, 10, 37 
ghost night, 10 
night make, 10 
make us, 10 
us happy, 10 
happy happy, 10 
happy bee, 10 
bee swarm, 10 
swarm dilate, 10 
dilate round, 10 
round perfect, 10 
perfect tree, 10 
tree make, 10 
happy dart, 10 
dart bird, 10 
bird suddenly, 10 
suddenly above, 10 
above bee, 10 
bee hear, 10 
hear method, 10 
method thrust, 10 
thrust need, 10 
need bill, 10 
bill blossom, 10 
blossom mid, 10 
mid air, 10 
air stand, 10 
stand still, 41, 10 
still the, 10 
the love, 10 
love not, 10 
el love, 10 
love reserve, 10 
reserve god, 10 
god above, 10 
above sanction, 10 
sanction far, 10 
far end, 10 
end only, 10 
only need, 10 
need fulfil, 10 
leave more, 11 
more more, 11 
more glow, 11 
glow walk, 11 
walk way, 11 
way beside, 11 
beside make, 11 
make sad, 11 
sad go, 11 
go know, 11 
know gloom, 11 
gloom gaunt, 11 
gaunt dust, 11 
dust grey, 11 
grey roam, 11 
roam dumb, 11 
dumb because, 11 
because know, 11 
know dumb, 11 
know question, 11 
question fade, 11 
fade flower, 11 
flower gay, 11 
gay could, 11 
could take, 11 
take beside, 11 
beside age, 11 
age day, 11 
day measure, 11 
measure worth, 11 
worth treasury, 11 
treasury measure, 11 
measure little, 11 
little long, 11 
long away, 11 
satyr meadow, 12 
meadow sun, 12 
sun shape, 12 
shape jewel, 12 
jewel small, 12 
small circle, 12 
circle scar, 12 
scar wider, 12 
wider tree, 12 
tree around, 12 
around tall, 12 
tall wind, 12 
wind quit, 12 
quit exclude, 12 
exclude air, 12 
air wa, 12 
wa still, 24, 12 
still sweet, 12 
sweet breath, 12 
breath man, 12 
man flower, 12 
flower temple, 12 
temple heat, 12 
heat bow, 12 
bow us, 12 
us burn, 12 
burn sun, 12 
sun right, 12 
right worship, 12 
worship pick, 12 
pick none, 12 
none could, 12 
could miss, 12 
miss thousand, 12 
thousand oris, 12 
oris though, 12 
though grass, 12 
grass wa, 12 
wa scatter, 12 
scatter yet, 12 
yet every, 12 
every second, 12 
second spear, 12 
spear seem, 12 
seem tip, 12 
tip wing, 12 
wing color, 12 
color atmosphere, 12 
atmosphere rays, 12 
rays simple, 12 
simple prayer, 12 
prayer before, 12 
before leave, 12 
leave spot, 12 
spot genet, 12 
genet now, 12 
now place, 12 
place may, 12 
may forget, 12 
forget favour, 12 
favour obtain, 12 
obtain grace, 12 
grace hour, 12 
hour none, 12 
none now, 12 
now grass, 12 
grass confuse, 12 
confuse flower, 12 
house lack, 13 
lack seemingly, 13 
seemingly mistress, 13 
mistress master, 13 
master door, 13 
door none, 13 
none wind, 13 
wind ever, 13 
ever close, 13 
close floor, 13 
floor litter, 13 
litter glass, 13 
glass plaster, 13 
plaster stand, 13 
stand garden, 13 
garden old, 13 
old fashion, 13 
fashion rise, 13 
rise pass, 13 
pass way, 13 
way gloom, 13 
gloom mary, 13 
mary wonder, 13 
wonder say, 13 
say owner, 13 
owner oh, 13 
oh one, 13 
one know, 13 
know answer, 13 
answer air, 13 
air one, 13 
one must, 13 
must ask, 13 
ask want, 13 
want and, 13 
and rise, 13 
rise must, 13 
must join, 13 
join hand, 13 
hand dew, 13 
dew come, 13 
come coldly, 13 
coldly hush, 13 
hush wood, 13 
wood repose, 13 
repose turn, 13 
turn go, 13 
go open, 13 
open door, 13 
door boldly, 13 
boldly knock, 13 
knock echo, 13 
echo beggar, 13 
beggar rose, 13 
rose pray, 13 
pray within, 13 
within mistress, 13 
mistress ti, 13 
ti mary, 13 
mary speak, 13 
speak errand, 13 
errand disclose, 13 
disclose pray, 13 
within best, 13 
best best, 13 
best ti, 13 
ti summer, 13 
summer two, 13 
two come, 13 
come rise, 13 
rise word, 13 
word singer, 13 
singer real, 13 
real old, 13 
old heroic, 13 
heroic say, 13 
say every, 13 
every maid, 13 
maid know, 13 
know flower, 13 
flower unlucky, 13 
unlucky leave, 13 
leave fall, 13 
fall not, 13 
not gain, 13 
gain gather, 13 
gather rise, 13 
rise loose, 13 
loose hand, 13 
hand entertain, 13 
entertain care, 13 
care very, 13 
very much, 13 
much support, 13 
support come, 13 
come us, 13 
us missile, 13 
missile shine, 13 
shine grant, 13 
grant us, 13 
us silent, 13 
silent boon, 13 
boon rise, 13 
thing dream, 14 
dream specter, 14 
specter like, 14 
like move, 14 
move among, 14 
among tall, 14 
tall babcock, 14 
babcock lightly, 14 
lightly pile, 14 
pile enter, 14 
enter along, 14 
along upon, 14 
upon stubble, 14 
stubble field, 14 
field labor, 14 
labor voice, 14 
voice late, 14 
late die, 14 
die antiphoni, 14 
antiphoni afterglow, 14 
afterglow rise, 14 
rise full, 14 
full moon, 14 
moon sit, 14 
sit upon, 14 
upon full, 14 
moon side, 14 
side first, 14 
first babcock, 14 
babcock lose, 14 
lose amid, 14 
amid man, 14 
man alike, 14 
alike dream, 14 
dream upon, 14 
upon oppose, 14 
oppose light, 14 
light hour, 14 
hour prevent, 14 
prevent shadow, 14 
shadow moon, 14 
moon prevail, 14 
prevail dream, 14 
upon night, 14 
night hawk, 14 
hawk people, 14 
people heaven, 14 
heaven circle, 14 
circle vague, 14 
vague unearthed, 14 
unearthed cry, 14 
cry flung, 14 
flung headlong, 14 
headlong fierce, 14 
fierce than, 14 
than afar, 14 
afar bat, 14 
bat mute, 14 
mute anti, 14 
anti would, 14 
would seem, 19, 14 
seem dimly, 14 
dimly make, 14 
make secret, 14 
secret place, 14 
place only, 14 
only lose, 14 
lose pirouett, 14 
pirouett seek, 14 
seek endless, 14 
endless purblind, 14 
purblind hast, 14 
hast last, 14 
last swallow, 14 
swallow sweep, 14 
sweep grasp, 14 
grasp abyss, 14 
abyss odor, 14 
odor rustle, 14 
rustle back, 14 
back silent, 14 
silent advent, 14 
advent find, 14 
find on, 14 
on inter, 14 
inter hi, 14 
hi instrument, 14 
instrument try, 14 
try on, 14 
on twice, 14 
twice thrice, 14 
thrice worn, 14 
worn book, 14 
book old, 14 
old golden, 14 
golden song, 14 
song bring, 14 
bring read, 14 
read seem, 14 
seem hold, 14 
hold fresh, 14 
fresh the, 14 
the air, 14 
air either, 14 
either sweet, 14 
sweet memory, 14 
memory one, 14 
one absent, 14 
absent line, 14 
line shall, 14 
shall greet, 14 
greet eye, 14 
wa young, 15 
young dwelt, 15 
dwelt vale, 15 
vale mist, 15 
mist men, 15 
men ring, 15 
ring night, 15 
night the, 15 
the wa, 16, 15 
wa maiden, 15 
maiden pale, 15 
pale know, 15 
know well, 19, 15 
well whose, 15 
whose garment, 15 
garment trail, 15 
trail across, 15 
across reed, 15 
reed window, 15 
light men, 15 
men every, 15 
every kind, 15 
kind bloom, 15 
bloom every, 15 
kind wa, 15 
wa face, 15 
face voice, 15 
voice ha, 15 
ha sound, 33, 15 
sound room, 15 
room across, 15 
across sill, 15 
sill outer, 15 
outer gloom, 15 
gloom come, 15 
come single, 15 
single unto, 15 
unto place, 15 
place come, 15 
come every, 15 
every night, 15 
night mist, 15 
mist often, 15 
often bring, 15 
bring much, 15 
much say, 15 
say thing, 15 
thing moment, 15 
moment west, 15 
west one, 15 
one lone, 15 
lone wa, 15 
wa fain, 15 
list star, 15 
star almost, 15 
almost fade, 15 
fade away, 15 
away before, 15 
before last, 15 
last go, 15 
go heavy, 15 
dew back, 15 
back place, 15 
come bird, 15 
bird wa, 15 
wa before, 15 
before fly, 15 
fly flower, 15 
flower wa, 15 
before grow, 15 
grow bird, 15 
bird flower, 15 
flower one, 15 
one the, 15 
the know, 15 
well who, 15 
who flower, 15 
flower ha, 15 
ha odor, 15 
odor bird, 15 
bird ha, 15 
ha song, 15 
song only, 15 
only ask, 15 
ask tell, 15 
tell vainly, 15 
vainly dwell, 15 
dwell vainly, 15 
vainly listen, 15 
listen night, 15 
night long, 15 
withdraw forest, 16 
forest song, 16 
song wa, 16 
wa swallow, 16 
swallow leave, 16 
leave blow, 16 
blow away, 16, 34 
away forest, 16 
forest edge, 16 
edge come, 16 
come one, 16 
one day, 16, 25 
day the, 16 
wa dream, 16, 19 
dream look, 16 
look ponder, 16 
ponder long, 16 
long enter, 16 
enter though, 16 
though wish, 16 
wish wa, 16 
wa strong, 16 
strong shake, 16 
shake pensive, 16 
pensive head, 16 
head say, 16 
say dare, 16 
dare far, 16 
far hi, 16 
hi footstep, 16 
footstep stray, 16 
stray must, 16 
must seek, 16 
seek would, 16 
would undo, 16 
undo wrong, 16 
wrong far, 16 
far near, 16 
near stand, 16 
stand see, 16 
see behind, 16 
behind low, 16 
low bough, 16, 32 
bough tree, 16 
tree let, 16 
let outside, 16 
outside sweet, 16 
sweet pang, 16 
pang cost, 16 
cost call, 16 
call tell, 16 
tell see, 16 
see doe, 16 
doe still, 16 
still aid, 16 
aid ti, 16 
ti true, 16 
true the, 16 
the dwelt, 16 
dwelt aloof, 16 
aloof wood, 16 
wood wake, 16 
wake proof, 16 
leave us, 17 
us way, 17, 29 
way take, 17 
take two, 17 
two prove, 17 
prove mistaken, 17 
mistaken sit, 17 
sit sometime, 17 
sometime wayside, 17 
wayside nook, 17 
nook mischief, 17 
mischief vagrant, 17 
vagrant search, 17 
search look, 17 
look try, 17 
try feel, 17 
feel forsaken, 17 
tire tree, 18 
tree seek, 18 
seek mankind, 18 
mankind well, 18 
well know, 18, 26 
know he, 18 
he dawn, 18 
dawn slope, 18 
slope cattle, 18 
cattle keep, 18 
keep lawn, 18 
lawn amid, 18 
amid toll, 18 
toll julie, 18 
julie remain, 18 
remain unseen, 18 
unseen see, 18 
see white, 18 
white define, 18 
define far, 18 
far home, 18 
home man, 18 
man farther, 18 
farther still, 18 
still grave, 18 
grave man, 18 
man oppose, 18 
oppose hill, 18 
hill live, 18 
live dead, 49, 18 
dead which, 18 
which mind, 18 
mind moon, 18 
moon much, 18 
much turn, 18 
turn arm, 18 
arm lo, 18 
lo sun, 18 
sun burn, 25, 18 
burn hillside, 18 
hillside set, 18 
set face, 18 
face aglow, 18 
aglow breath, 18 
breath shake, 18 
shake blue, 18 
blue like, 18 
like breeze, 18 
breeze smell, 18 
smell earth, 18 
earth smell, 18 
smell bruised, 18 
bruised plant, 18 
plant look, 18 
look crater, 18 
crater ant, 18 
wa never, 19 
never sound, 19 
sound beside, 19 
beside wood, 19 
wood one, 25, 19 
one wa, 19 
wa long, 19 
long scythe, 19 
scythe whisper, 19 
whisper ground, 19 
ground wa, 19 
wa whisper, 19 
whisper know, 19 
well perhaps, 19 
perhaps wa, 19 
wa cometh, 26, 19 
cometh heat, 19 
heat sun, 19 
sun cometh, 19 
cometh perhaps, 19 
perhaps lack, 19 
lack sound, 19 
sound wa, 26, 19 
wa who, 19 
who whisper, 19 
whisper speak, 19 
speak wa, 19 
dream gift, 19 
gift ill, 19 
ill hour, 19 
hour east, 19 
east gold, 19 
gold hand, 19 
hand may, 19 
may self, 19 
self any, 19 
any truth, 19 
truth would, 19 
seem weak, 19 
weak earnest, 19 
earnest love, 19 
love lay, 19 
lay scale, 19 
scale row, 19 
row without, 19 
without feel, 19 
feel point, 19 
point spike, 19 
spike flower, 19 
flower pale, 19 
pale oris, 19 
oris scare, 19 
scare bright, 19 
bright green, 19 
green snake, 19 
snake fact, 19 
fact sweet, 19 
sweet dream, 19 
dream labor, 19 
labor know, 19 
know long, 19 
whisper leave, 19 
leave hay, 19 
hay make, 19 
well wa, 20 
wa dry, 20 
dry beside, 20 
beside door, 20 
door go, 20 
go pail, 20 
pail across, 20 
across field, 20 
field behind, 20 
behind house, 32, 20 
house seek, 20 
seek brook, 20 
brook still, 20 
still run, 20 
run both, 20 
both excuse, 20 
excuse go, 20 
go because, 20 
because autumn, 20 
autumn eve, 20 
eve wa, 20 
wa fair, 20 
fair though, 20 
though chill, 20 
chill because, 20 
because field, 20 
field brook, 20 
brook wood, 20 
wood run, 20 
run meet, 20 
meet moon, 20 
moon slowly, 20 
slowly dawn, 20 
dawn behind, 20 
behind tree, 20 
tree barren, 20 
barren bough, 20 
bough without, 20 
without leave, 20 
leave without, 20 
without bird, 20 
bird without, 20 
without breeze, 20 
breeze on, 20 
on within, 20 
within wood, 20 
wood pus, 20 
pus like, 20 
like some, 20 
some hide, 20 
hide us, 20 
us moon, 20 
moon ready, 20 
ready run, 20 
run hide, 20 
hide new, 20 
new laughter, 20 
laughter find, 20 
find us, 20, 21 
us soon, 20 
soon lay, 20 
lay stay, 20 
stay hand, 20 
hand listen, 20 
listen ere, 20 
ere dare, 20 
dare look, 20 
look hush, 20 
hush join, 20 
join make, 20 
make hear, 20 
hear know, 20 
know hear, 20 
hear brook, 20 
brook note, 20 
note single, 20 
single place, 20 
place slender, 20 
slender tinel, 20 
tinel fall, 20 
fall make, 20 
make drop, 20 
drop float, 20 
float pool, 20 
pool like, 20 
like pearl, 20 
pearl silver, 20 
silver blade, 20 
make yourself, 21 
yourself place, 21 
place apart, 21 
apart behind, 21 
behind light, 21 
light word, 21 
word tea, 21 
tea flout, 21 
flout oh, 21 
oh gait, 21 
gait heart, 21 
heart till, 21 
till someone, 21 
someone find, 21 
us really, 21 
really ti, 21 
ti piti, 21 
piti case, 21 
case require, 21 
require say, 21 
say end, 21 
end speak, 21 
speak later, 21 
later inspire, 21 
inspire understand, 21 
understand friend, 21 
friend babe, 21 
babe play, 21 
play hide, 21 
hide seek, 21 
seek god, 21 
god afar, 21 
afar hide, 21 
hide well, 21 
well away, 21 
away must, 21 
must speak, 21 
speak tell, 21 
tell us, 21 
even brave, 22 
brave slay, 22 
slay shall, 22 
shall dissembl, 22 
dissembl surprise, 22 
surprise wake, 22 
wake find, 22 
find valor, 22 
valor reign, 22 
reign even, 22 
even earth, 22 
earth parade, 22 
parade seek, 22 
seek without, 22 
without sword, 22 
sword wide, 22 
wide field, 22 
field asphodel, 22 
asphodel fore, 22 
fore er, 22 
er find, 22 
find utmost, 22 
utmost reward, 22 
reward dare, 22 
dare still, 22 
still dare, 22 
dare light, 22 
light heaven, 22 
heaven fall, 22 
fall whole, 22 
whole white, 22 
white shatter, 22 
shatter dye, 22 
dye light, 22 
light ever, 22 
ever more, 22 
more light, 22 
light hill, 22 
hill verdure, 22 
verdure pasteur, 22 
pasteur wise, 22 
wise angel, 22 
angel host, 22 
host fresh, 22 
fresh go, 22 
go seek, 22 
seek laughter, 22 
laughter brave, 22 
brave ó, 22 
ó bind, 22 
bind hush, 22 
hush snow, 22 
snow far, 22 
far distant, 22 
distant break, 22 
break wave, 22 
wave cliff, 22 
cliff top, 22 
top proclaim, 22 
proclaim gather, 22 
gather soul, 22 
soul birth, 22 
birth trial, 22 
trial exist, 22 
exist name, 22 
name obscure, 22 
obscure upon, 22 
upon earth, 22 
earth plant, 22 
plant spirit, 22 
spirit troop, 22 
troop stream, 22 
stream cross, 22 
cross counter, 22 
counter stream, 22 
stream give, 22 
give ear, 22 
ear sweet, 22 
sweet cry, 22 
cry suggest, 22 
suggest dream, 22 
dream leiter, 22 
leiter turn, 22 
turn view, 22 
view on, 22 
on sacrifice, 22 
sacrifice good, 22 
good discern, 22 
discern gladly, 22 
gladly give, 22 
give parade, 22 
parade white, 22 
white swimmer, 22 
swimmer contour, 22 
contour roll, 22 
roll toward, 22 
toward throne, 22 
throne wit, 22 
wit speed, 22 
speed devote, 22 
devote soul, 22 
soul god, 22 
god make, 22 
make hi, 22, 23 
hi respect, 22 
respect care, 22 
care none, 22 
none take, 22 
take first, 22 
first hear, 22 
hear life, 22 
life read, 22 
read open, 22 
open eastward, 22 
eastward good, 22 
good ill, 22 
ill beyond, 22 
beyond shadow, 22 
shadow doubt, 22 
doubt very, 22 
very beauty, 22 
beauty god, 22 
god limb, 22 
limb tenderly, 22 
tenderly life, 22 
life little, 22 
little dream, 22 
dream naught, 22 
naught extent, 22 
extent dim, 22 
dim set, 22 
set thing, 22 
thing supreme, 22 
supreme want, 22 
want press, 22 
press spirit, 22 
spirit stand, 22 
stand simple, 22 
simple forth, 22 
forth heroic, 22 
heroic naked, 22 
naked uttermost, 22 
uttermost earth, 22 
earth tale, 22 
tale earth, 22 
earth honor, 22 
honor thing, 22 
thing sound, 22 
sound nobler, 22 
nobler death, 22 
death sun, 22 
sun mind, 22 
mind whirl, 22 
whirl heart, 22 
heart sing, 22 
sing shout, 22 
shout greet, 22 
greet dare, 22 
dare one, 22 
one away, 22 
away god, 22 
god speak, 22 
speak end, 22 
end one, 22 
one thought, 22 
thought agony, 22 
agony strife, 22 
strife brave, 22 
brave would, 22 
would friend, 22 
friend memory, 22 
memory choose, 22 
choose life, 22 
life pure, 22 
pure fate, 22 
fate go, 22 
go admit, 22 
admit memory, 22 
memory choice, 22 
choice woe, 22 
woe earthly, 22 
earthly woe, 22 
woe give, 22 
give assent, 22 
assent voice, 22 
voice choice, 22 
choice must, 22 
must last, 22 
last choice, 22 
choice still, 22 
still awe, 22 
awe pass, 22 
pass wonder, 22 
wonder hush, 22 
hush fall, 22 
fall claim, 22 
claim god, 22 
god ha, 22 
ha take, 22 
take flower, 22 
flower gold, 22 
gold break, 22 
break use, 22 
use therefrom, 22 
therefrom mystic, 22 
mystic link, 22 
link bind, 22 
bind hold, 22 
hold spirit, 22 
spirit matter, 22 
matter till, 22 
till death, 22 
death come, 24, 22 
come ti, 22 
ti essence, 22 
essence life, 22 
life though, 22 
though chop, 22 
chop greatly, 22 
greatly still, 22 
still lack, 22 
lack last, 22 
last memory, 22 
memory clear, 22 
clear life, 22 
life ha, 22 
ha us, 22 
us wrack, 22 
wrack not, 22 
not somehow, 22 
somehow choose, 22 
choose the, 22 
the wholly, 22 
wholly strip, 22 
strip pride, 22 
pride pain, 22 
pain ha, 22 
ha one, 22 
one close, 22 
close bear, 22 
bear crush, 22 
crush mystic, 22 
the old, 23 
old douglas, 23 
douglas leave, 23 
leave hi, 23 
hi land, 23 
land wa, 30, 23 
wa bid, 23 
bid royal, 23 
royal heart, 23 
heart robert, 23 
robert bruce, 23 
bruce golden, 23 
golden case, 23 
case golden, 23 
golden lid, 23 
lid carry, 23 
carry hold, 23 
hold land, 23 
land see, 23 
see understand, 23 
understand wa, 23 
wa place, 23 
place carry, 23 
carry heart, 23 
heart loyalty, 23 
loyalty love, 23 
love command, 23 
command wa, 23 
wa case, 23 
case carry, 23 
carry douglas, 23 
douglas far, 23 
far win, 23 
win before, 23 
come land, 23 
land spain, 23 
spain long, 23 
long hold, 23 
hold war, 23 
war victory, 23 
victory moor, 23 
moor hi, 23 
hi courage, 23 
courage could, 23 
could endure, 23 
endure strike, 23 
strike blow, 23 
blow god, 23 
god before, 23 
before make, 23 
hi errand, 23 
errand sure, 23 
sure ever, 23 
ever wa, 23 
wa intend, 23 
intend man, 23 
man god, 23 
god strike, 23 
blow matter, 23 
matter heart, 23 
heart ha, 23 
ha charge, 23 
charge hold, 23 
land heart, 23 
heart go, 23 
go battle, 23 
battle foe, 23 
foe meet, 23 
meet douglas, 23 
douglas find, 23 
find sore, 23 
sore beset, 23 
beset only, 23 
only strength, 23 
strength fight, 23 
fight arm, 23 
arm one, 23 
one battle, 23 
battle passage, 23 
passage yet, 23 
yet vain, 23 
vain save, 23 
save day, 23 
day bring, 23 
bring hi, 23 
hi body, 23 
body safe, 23 
safe away, 23 
away only, 23 
only signal, 23 
signal deed, 23 
deed last, 23 
last sound, 23 
sound word, 23 
word say, 23 
say heart, 23 
heart wear, 23 
wear golden, 23 
golden chain, 23 
chain swing, 23 
swing fling, 23 
fling forth, 23 
forth plain, 23 
plain follow, 23 
follow cry, 23 
cry heart, 23 
heart death, 23 
death fight, 23 
fight perish, 23 
perish fain, 23 
fain may, 23 
may not, 23 
not right, 23 
right give, 23 
give heart, 23 
heart hopeless, 23 
hopeless fight, 23 
fight right, 23 
right love, 23 
love may, 23 
not redoubt, 23 
redoubt might, 23 
might swift, 23 
swift gleam, 23 
gleam angry, 23 
angry brand, 23 
brand scorn, 23 
scorn greatly, 23 
greatly demand, 23 
demand equal, 23 
equal sacrifice, 23 
sacrifice hi, 23 
hi heart, 25, 23 
heart bear, 23 
bear hold, 23 
two fair, 24 
fair wa, 24 
still summer, 24 
summer day, 24 
day come, 24 
forth wood, 24 
wood flower, 24 
flower play, 24 
play flower, 24 
flower pluck, 24 
pluck cast, 24 
cast ground, 24 
ground still, 24 
still find, 24 
find flower, 24, 35 
flower guide, 24 
guide wa, 24 
wa come, 24 
come run, 24 
run cometh, 24 
cometh lie, 24 
lie shape, 24 
shape man, 24 
man snow, 24 
snow must, 24 
must make, 24 
make feather, 24 
feather bed, 24 
bed the, 24 
the one, 24 
one fall, 24 
fall sleep, 24 
sleep dead, 24, 31 
dead snow, 24 
snow wa, 24 
wa go, 24 
go long, 24 
long time, 24 
time ago, 24 
ago body, 24 
body wear, 24 
wear nigh, 24 
nigh go, 24 
go snow, 24 
snow fair, 24 
fair draw, 24 
draw near, 24 
near keenly, 24 
keenly epi, 24 
epi ring, 24 
ring hi, 24 
hand chain, 24 
chain hi, 24 
hi side, 24 
side knelt, 24 
knelt leave, 24 
leave perils, 24 
perils play, 24 
play glitter, 24 
glitter thing, 24 
thing afraid, 24 
afraid go, 24 
go home, 24 
home hide, 24 
hide burrow, 24 
burrow take, 24 
take along, 24 
along play, 24 
play morrow, 24 
morrow come, 24 
come death, 24 
come flower, 24 
guide like, 24 
like ely, 24 
ely wood, 24 
wood remember, 24 
remember recognize, 24 
recognize death, 24 
death sorrow, 24 
sorrow dread, 24 
dread hate, 24 
hate hate, 24 
hate spoil, 24 
spoil dead, 24 
pan come, 25 
come wood, 25 
day ó, 25 
ó hi, 25 
hi skin, 25 
skin hi, 25 
hi hair, 25 
hair hi, 25 
hi eye, 25, 26, 33 
eye gray, 25 
gray gray, 25 
gray moss, 25 
moss wall, 25 
wall ó, 25 
ó stand, 25 
stand sun, 25 
sun look, 25 
look hi, 25 
hi fill, 25 
fill wood, 25 
wood valley, 25 
valley wood, 25 
wood hill, 25 
hill stand, 25 
stand zephyr, 25 
zephyr pipe, 25 
pipe hand, 25 
hand height, 25 
height take, 25 
take pasteur, 25 
pasteur land, 25 
land country, 25 
country command, 25 
command see, 25 
see smoke, 25 
smoke see, 25 
see roof, 25 
roof wa, 25 
wa well, 25 
well stamp, 25 
stamp hoof, 25 
hoof hi, 25 
heart know, 25 
know peace, 25 
peace none, 25 
none come, 25 
come the, 25 
the lean, 25 
lean feed, 25 
feed save, 25 
save on, 25 
on year, 25 
year someone, 25 
someone salt, 25 
salt half, 25 
half wild, 25 
wild steer, 25 
steer homespun, 25 
homespun child, 25 
child click, 25 
click pail, 25 
pail see, 25 
see little, 25 
little tell, 25 
tell tale, 25 
tale toss, 25 
toss hi, 25 
hi pipe, 25 
pipe hard, 25 
hard teach, 25 
teach new, 25 
new world, 25 
world song, 25 
song far, 25 
far reach, 25 
reach sylvan, 25 
sylvan sign, 25 
sign blue, 25 
blue jay, 25 
jay speech, 25 
speech whisper, 25 
whisper hawk, 25 
hawk beside, 25 
beside sun, 25 
sun music, 25 
music enough, 25 
enough one, 25 
one time, 25 
time change, 25 
change pipe, 25 
pipe keep, 25 
keep less, 25 
less power, 25 
power stir, 25 
stir fruit, 25 
fruit bough, 25 
bough julie, 25 
julie frail, 25 
frail blue, 25 
blue cluster, 25 
cluster mere, 25 
mere aimless, 25 
aimless breath, 25 
breath air, 25 
air pipe, 25 
pipe pagan, 25 
pagan mirth, 25 
mirth world, 25 
world find, 25 
find new, 25 
new term, 25 
term worth, 25 
worth lay, 25 
lay sun, 25 
burn earth, 25 
earth travel, 25 
travel flower, 25 
flower look, 25 
look away, 25 
away play, 25 
play play, 25 
play what, 25 
what play, 25 
wa far, 26, 35 
far wood, 26 
wood wa, 26 
wa run, 26 
run joy, 26 
joy demon, 26 
demon trail, 26 
trail though, 26 
though know, 26 
know hunt, 26 
hunt wa, 26 
true god, 26 
god wa, 26 
wa light, 26 
light wa, 33, 26 
wa begin, 26 
begin fail, 26 
fail suddenly, 26 
suddenly heardóal, 26 
heardóal need, 26 
need hear, 26 
hear ha, 26 
ha last, 26 
last man, 26 
man man, 26, 43 
man year, 26 
year sound, 26 
wa behind, 26 
behind instead, 26 
instead before, 26 
before sleep, 26 
sleep sound, 26 
sound mock, 26 
mock half, 26 
half one, 26 
one utterly, 26 
utterly care, 26 
care demon, 26 
demon are, 26 
are hi, 26 
hi allow, 26 
allow laugh, 26 
laugh brush, 26 
brush dirt, 26 
dirt hi, 26 
eye go, 26 
go well, 26 
know demon, 26 
demon mean, 26 
mean shall, 26 
shall forget, 26 
forget hi, 26 
hi laugh, 26 
laugh ring, 26 
ring feel, 26 
feel fool, 26 
fool catch, 26 
catch check, 26 
check step, 26 
step make, 26 
make pretend, 26 
pretend wa, 26 
cometh among, 26 
among leave, 26 
leave seek, 26 
seek though, 26 
though doubt, 26 
whether stay, 26 
stay see, 26 
see thereof, 26 
thereof sit, 26 
sit tree, 26 
close window, 27 
window hush, 27 
hush field, 27 
field tree, 27 
tree must, 27 
must let, 27 
let silent, 27 
silent toss, 27 
toss bird, 27 
bird sing, 27 
sing loss, 27 
loss long, 27 
long ere, 27 
ere marsh, 27 
marsh resume, 27 
resume long, 27 
ere early, 27 
early bird, 27 
bird close, 27 
window hear, 27 
hear wind, 27 
wind see, 27 
see wind, 27 
wind stir, 27 
line storm, 28 
storm cloud, 28 
cloud fly, 28 
fly matter, 28 
matter swift, 28 
swift road, 28 
road forlorn, 28 
forlorn day, 28 
day myriads, 28 
myriads snow, 28 
snow quart, 28 
quart stone, 28 
stone lift, 28 
lift hoof, 28 
hoof print, 28 
print vanish, 28 
vanish away, 28 
away roadside, 28 
roadside flower, 28 
flower wet, 28 
wet bee, 28 
bee expend, 28 
expend bloom, 28 
bloom vain, 28 
vain come, 28 
come hill, 28, 36 
hill far, 28 
far love, 28 
love rain, 28 
rain bird, 28 
bird less, 28 
less say, 50, 28 
say themselves, 28 
themselves wood, 28 
wood world, 28 
world tear, 28 
tear despair, 28 
despair numberless, 28 
numberless year, 28 
year ely, 28 
ely although, 28 
although less, 28 
less song, 28 
song wood, 28 
wood crush, 28 
crush like, 28 
like wild, 28 
wild vasili, 28 
vasili shatter, 28 
shatter rise, 28 
rise come, 28 
come love, 28 
love wet, 28 
wet wood, 28 
come bough, 28 
bough rain, 28 
rain blow, 28 
blow gale, 28 
gale org, 28 
org behind, 28 
behind bruit, 28 
bruit sing, 28 
sing shallow, 28 
shallow water, 28 
water afloat, 28 
afloat wind, 28 
wind gather, 28 
gather gown, 28 
gown matter, 28 
matter go, 28 
go clear, 28 
clear west, 28 
west come, 28 
come dry, 28 
dry shod, 28 
shod wild, 28 
wild brooch, 28 
brooch shall, 28 
shall wet, 28 
wet breast, 28 
breast rain, 28 
rain fresh, 28 
fresh goldenrod, 28 
goldenrod oh, 28 
oh never, 28 
never the, 28 
the helm, 28 
helm east, 28 
east wind, 28 
wind swell, 28 
swell seem, 28 
seem like, 28 
like sea, 28 
sea return, 28 
return ancient, 28 
ancient land, 28 
land leave, 28 
leave shell, 28 
shell before, 28 
before age, 28 
age fera, 28 
fera seem, 28 
like time, 28 
time doubt, 28 
doubt love, 28 
love come, 28 
back again, 28 
again oh, 28 
oh come, 28 
forth storm, 28 
storm rout, 28 
rout love, 28 
hush doctor, 29 
doctor more, 29 
more mild, 29 
mild the, 29 
the leave, 29 
leave risen, 29 
risen fall, 29 
fall morrow, 29 
morrow wind, 29 
wind wild, 29 
wild wast, 29 
wast crow, 29 
crow above, 29 
above forest, 29 
forest call, 29 
call morrow, 29 
morrow may, 29 
may form, 29 
form go, 29 
go hush, 29 
mild begin, 29 
begin hour, 29 
hour the, 29 
the day, 29 
day slow, 29 
slow make, 29 
make day, 29 
day seem, 29 
seem us, 29 
us less, 29 
less brief, 29 
brief heart, 29 
heart over, 29 
over begun, 29 
begun begun, 29 
begun us, 29 
way know, 29 
know rule, 29 
rule one, 29 
one leaf, 29 
leaf break, 29 
break day, 29, 30 
day noon, 29 
noon release, 29 
release not, 29 
not leaf, 29 
leaf one, 29 
one tree, 29 
tree one, 29 
one far, 29 
away retard, 29 
retard sun, 29 
sun gentle, 29 
gentle mist, 29 
mist merchant, 29 
merchant land, 29 
land amethyst, 29 
amethyst slow, 29 
slow slow, 29 
slow grape, 29 
grape sake, 29 
sake whose, 29 
whose leave, 29 
leave already, 29 
already burn, 29 
burn frost, 29 
frost whose, 29 
whose cluster, 29 
cluster fruit, 29 
fruit must, 29 
must el, 29 
el lost, 29 
lost grape, 29 
sake along, 29 
along wall, 33, 36, 29 
thine soul, 30 
soul fond, 30 
fond flower, 30 
flower dead, 30 
dead taft, 30 
taft sun, 30 
sun assault, 30 
assault fright, 30 
fright thee, 30 
thee oft, 30 
oft flee, 30 
flee dead, 30 
dead save, 30 
save only, 30 
only sad, 30 
sad thee, 30 
thee save, 30 
only none, 30 
none leave, 30 
leave mourn, 30 
mourn thee, 30 
thee field, 30 
field gray, 30 
gray grass, 30 
grass happy, 30 
happy snow, 30 
snow two, 30 
two bank, 30 
bank shut, 30 
shut upon, 30 
upon river, 30 
river long, 30 
long ago, 30 
ago seem, 30 
seem forever, 30 
forever since, 30 
since first, 30 
first see, 36, 30 
see thee, 30 
thee glance, 30 
glance dazed, 30 
dazed one, 30 
one air, 30 
air dalliance, 30 
dalliance precipice, 30 
precipice love, 30 
love toss, 30 
toss tangle, 30 
tangle whirl, 30 
whirl whirl, 30 
whirl above, 30 
above like, 30 
like limp, 30 
limp rose, 30 
rose wreath, 30 
wreath fair, 30 
fair dance, 30 
dance wa, 30 
wa soft, 30 
soft mist, 30 
mist regret, 30 
regret hang, 30 
hang land, 30 
wa glad, 30 
glad thee, 30 
thee glad, 30 
glad west, 30 
west thou, 30 
thou didst, 30 
didst know, 30 
know trotter, 30 
trotter wander, 30 
wander high, 30 
high fate, 30 
fate make, 30 
make thee, 30 
thee pleasure, 30 
pleasure wind, 30 
wind great, 30 
great careless, 30 
careless wing, 30 
wing yet, 30 
yet thing, 30 
thing seem, 30 
seem god, 30 
god let, 30 
let thee, 30 
thee flutter, 30 
flutter hi, 30 
hi gentle, 30 
gentle clasp, 30 
clasp fear, 30 
fear let, 30 
thee win, 30 
win far, 30 
far beyond, 30 
beyond gather, 30 
gather snatch, 30 
snatch thee, 30 
thee er, 30 
er eager, 30 
eager urgent, 30 
urgent grasp, 30 
grasp ah, 30 
ah remember, 30 
remember on, 30 
on conspiracy, 30 
conspiracy wa, 30 
wa rife, 30 
rife life, 30 
life languor, 30 
languor dream, 30 
dream fond, 30 
fond surg, 30 
surg grass, 30 
grass dizzy, 30 
dizzy think, 30 
think breeze, 30 
breeze three, 30 
three odor, 30 
odor bring, 30 
bring gem, 30 
gem flower, 30 
flower wave, 30 
wave wand, 30 
wand wa, 30 
wa distraught, 30 
distraught could, 30 
could speak, 30 
speak sidelong, 30 
sidelong full, 30 
full cheek, 30 
cheek reckless, 30 
reckless zephyr, 30 
zephyr ll, 30 
ll wild, 30 
wild touch, 30 
touch the, 30 
the dye, 30 
dye dust, 30 
dust wing, 30 
wing find, 30 
find wing, 30 
wing break, 30 
day thou, 30 
thou dead, 30 
dead say, 30 
say strange, 30 
strange bird, 30 
bird say, 30 
say find, 30 
find either, 37, 30 
either leave, 30 
leave eat, 30 
field wood, 31 
wood wall, 31 
wall went, 31 
went climb, 31 
climb hill, 31 
hill view, 31 
view look, 31 
look world, 31 
world descend, 31 
descend come, 31 
come highway, 31 
highway home, 31 
home lo, 31 
lo end, 31 
end leave, 31 
leave dead, 31 
dead ground, 31 
ground save, 31 
save oak, 31 
oak keep, 31 
keep travel, 31 
travel one, 31 
one one, 31 
one let, 31 
let go, 31 
go scrape, 31 
scrape creep, 31 
creep crust, 31 
crust snow, 31 
snow sleep, 31 
dead leave, 37, 31 
leave lie, 31 
lie muddy, 31 
muddy still, 31 
still longer, 31 
longer blow, 31 
blow hither, 31 
hither thither, 31 
thither last, 31 
last lone, 31 
lone after, 31 
after go, 31 
go flower, 31 
flower witch, 31 
witch hazel, 31 
hazel either, 31 
either heart, 31 
heart still, 31 
still each, 31 
each seek, 31 
seek foot, 31 
foot question, 31 
question whither, 31 
whither ah, 31 
ah heart, 31 
heart man, 31 
wa ever, 31 
ever less, 31 
less treason, 31 
treason go, 31 
go drift, 31 
drift thing, 31 
thing yield, 31 
yield grace, 31 
grace reason, 31 
reason bow, 31 
bow accept, 31 
accept accept, 31 
accept end, 31 
end love, 31 
love season, 31 
city withdraw, 32 
withdraw leave, 32 
leave last, 32 
last country, 32 
country country, 32 
country whirl, 32 
whirl snow, 32 
snow come, 32 
come lie, 32 
lie whirl, 32 
whirl foliage, 32 
foliage yet, 32 
yet lay, 32 
lay drive, 32 
drive stranger, 32 
stranger yard, 32 
yard look, 32 
look city, 32 
city yet, 32 
yet country, 32 
country fashion, 32 
fashion sit, 32 
sit wait, 32 
wait till, 32 
till draw, 32 
draw us, 32 
us button, 32 
button coat, 32 
coat ask, 32 
ask wa, 32 
wa prove, 32 
prove city, 32 
city come, 32 
come look, 32 
look cometh, 32 
cometh leave, 32 
leave behind, 32 
behind could, 32 
could without, 32 
without keep, 32 
keep christmas, 32 
christmas ask, 32 
ask would, 32 
would sell, 32 
sell christmas, 32 
christmas tree, 32 
tree wood, 32 
wood young, 32 
young fir, 32 
fir balsam, 32 
balsam like, 32 
like place, 32 
place house, 32 
house church, 32 
church spire, 32 
spire hadn, 32 
hadn think, 32 
think christmas, 32 
tree doubt, 32 
doubt wa, 32 
wa tempt, 32 
tempt moment, 32 
moment sell, 32 
sell foot, 32 
foot go, 32 
go car, 32 
car leave, 32 
leave slope, 32 
slope behind, 32 
house bare, 32 
bare sun, 32 
sun shine, 32 
shine warm, 32 
warm moon, 32 
moon ind, 32 
ind hate, 32 
hate know, 32 
know wa, 32 
wa yet, 32 
yet ind, 32 
hate hold, 32 
hold tree, 32 
tree except, 32 
except hold, 32 
hold refuse, 32 
refuse beyond, 32 
beyond time, 32 
time profit, 32 
profit growth, 32 
growth trial, 32 
trial market, 32 
market every, 32 
every must, 32 
must come, 32 
come all, 32 
all much, 32 
much thought, 32 
thought sell, 32 
sell 12, 32 
12 whether, 32 
whether mistaken, 32 
mistaken courtesy, 32 
courtesy fear, 32 
fear seem, 32 
seem short, 32 
short speech, 32 
speech whether, 32 
whether hope, 32 
hope hear, 32 
hear good, 32 
good wa, 32 
wa mine, 32 
mine say, 32 
say there, 32 
there agent, 32 
agent enough, 32 
enough worth, 32 
worth î, 32 
î i, 32, 35 
i could, 32 
could soon, 32 
soon tell, 32 
tell man, 32 
man would, 32 
would cut, 32 
cut let, 32 
let look, 32 
look î, 32 
î you, 32 
you could, 32 
could look, 32 
look dont, 32 
dont expect, 32 
expect ism, 32 
ism go, 32 
go let, 32 
let î, 32 
î pasteur, 32 
pasteur spring, 32 
spring clump, 32 
clump close, 32 
close low, 32 
bough quit, 32 
quit solitary, 32 
solitary equal, 32 
equal bough, 32 
bough round, 32 
round round, 32 
round latter, 32 
latter nod, 32 
nod eyes, 32 
eyes pus, 32 
pus say, 32 
say beneath, 32 
beneath lovely, 32 
lovely one, 32 
one buyers, 32 
buyers modern, 32 
modern that, 32 
that would, 32 
would î, 32 
î think, 32 
think want, 32 
want say, 32 
say climb, 32 
climb pasteur, 32 
pasteur south, 32 
south cross, 32 
cross come, 32 
come north, 32 
north say, 32 
say a, 32 
a thousand, 32 
thousand î, 32 
î a, 32 
thousand christmas, 32 
tree apiece, 32 
apiece î, 32 
î feel, 32 
feel need, 32 
need soften, 32 
soften a, 32 
thousand tree, 32 
tree would, 32 
would come, 32 
come thirty, 32 
thirty dollar, 32 
dollar î, 32 
î wa, 32 
wa certain, 32 
certain never, 32 
never mean, 32 
mean let, 32 
let never, 32 
never show, 32 
show surprise, 32 
surprise thirty, 32 
dollar seem, 32 
seem small, 32 
small beside, 32 
beside extent, 32 
extent pasteur, 32 
pasteur strip, 32 
strip three, 32 
three cent, 32 
cent wa, 32 
wa figure, 32 
figure apiece, 32 
apiece three, 32 
cent small, 32 
beside dollar, 32 
dollar friend, 32 
friend 13, 32 
13 write, 32 
write within, 32 
within hour, 32 
hour would, 32 
would pay, 32 
pay city, 32 
city good, 32 
good tree, 32 
tree like, 32 
like regular, 32 
regular vestry, 32 
vestry tree, 32 
tree whole, 32 
whole sunday, 32 
sunday school, 32 
school could, 32 
could hang, 32 
hang enough, 32 
enough pick, 32 
pick enough, 32 
enough thousand, 32 
tree didn, 32 
didn know, 32 
know worth, 32 
worth three, 32 
cent give, 32 
give away, 32 
away sell, 32 
sell may, 32 
may show, 32 
show simple, 32 
simple call, 32 
call bad, 32 
bad couldn, 32 
couldn lie, 32 
lie one, 32 
one letter, 32 
letter canst, 32 
canst help, 32 
help wish, 32 
wish could, 32 
could send, 32 
send one, 32 
wish therewith, 32 
therewith merry, 32 
merry christmas, 32 
door look, 33 
look darkly, 33 
darkly thin, 33 
thin frost, 33 
frost almost, 33 
almost spear, 33 
spear star, 33 
star gather, 33 
gather pane, 33 
pane empty, 33 
empty room, 33 
room keep, 33 
keep hi, 33 
eye give, 33 
give back, 33 
back gaze, 33 
gaze wa, 33 
wa lamp, 33 
lamp tilt, 33 
tilt near, 33 
near hi, 33 
hand keep, 33 
keep remember, 33 
remember wa, 33, 35 
wa bring, 33 
bring creak, 33 
creak room, 33 
room wa, 33 
wa age, 33 
age stand, 33 
stand barrel, 33 
barrel round, 33 
round loss, 33 
loss scare, 33 
scare cellar, 33 
cellar clump, 33 
clump scare, 33 
scare on, 33 
on clump, 33 
scare outer, 33 
outer night, 33 
night ha, 33 
sound familiar, 33 
familiar like, 33 
like roar, 33 
roar tree, 33 
tree crack, 33 
crack branch, 33 
branch common, 33 
common thing, 33 
thing not, 33 
not like, 33 
like beat, 33 
beat box, 33 
box light, 33 
wa one, 33 
one sit, 33 
sit concern, 33 
concern know, 33 
know quiet, 33 
quiet light, 33 
light even, 33 
even consigne, 33 
consigne moon, 33 
moon wa, 33 
wa late, 33 
late arms, 33 
arms break, 33 
break moon, 33 
moon better, 33 
better sun, 33 
sun and, 33 
and case, 33 
case charge, 33 
charge hi, 33 
hi snow, 33 
snow upon, 33 
upon roof, 33 
roof hi, 33 
hi ici, 33 
ici along, 33 
wall keep, 33 
keep sleep, 33 
sleep log, 33 
log shift, 33 
shift jolt, 33 
jolt on, 33 
on stove, 33 
stove disturb, 33 
disturb shift, 33 
shift a, 33 
a hi, 33 
hi heavy, 33 
heavy breath, 33 
breath still, 33 
still sleep, 33 
sleep one, 33 
one age, 33 
age man, 33 
man one, 33 
one man, 33 
man canst, 33 
canst fill, 33 
fill house, 33 
house farm, 33 
farm countryside, 33 
countryside it, 33 
it the, 33 
the doe, 33 
doe winter, 33 
winter night, 33 
there patch, 34 
patch old, 34 
old snow, 34 
snow corner, 34 
corner guess, 34 
guess wa, 34 
wa blow, 34 
away paper, 34 
paper rain, 34 
rain bring, 34 
bring rest, 34 
rest speck, 34 
speck grime, 34 
grime small, 34 
small print, 34 
print overspread, 34 
overspread news, 34 
news day, 34 
day iv, 34 
iv forget, 34 
forget ever, 34 
ever read, 34 
when wa, 35 
far could, 35 
could walk, 35 
walk day, 35 
day wa, 35, 36 
wa hour, 35 
hour still, 35 
still lean, 35 
lean head, 35 
head flower, 35 
flower hear, 35 
hear talk, 35 
talk dont, 35 
dont say, 35 
say didn, 35 
didn hear, 35 
hear say, 35 
say speak, 35 
speak flower, 35 
flower window, 35 
window sill, 35 
sill remember, 35 
wa say, 35 
say î, 35 
î first, 35 
first tell, 35 
tell wa, 35 
wa think, 35 
think hear, 35 
hear have, 35 
have find, 35 
flower drive, 35 
drive bee, 35 
bee away, 35 
away lean, 35 
head hold, 35 
hold stalk, 35 
stalk listen, 35 
listen think, 35 
think catch, 35 
catch word, 35 
word wa, 35 
wa call, 35 
call name, 35 
name say, 35 
say someone, 35 
someone say, 35 
say come, 35 
come hear, 35 
hear bow, 35 
bow î, 35 
i may, 35 
may think, 35 
think much, 35 
much aloud, 35 
aloud î, 35 
î well, 35 
well come, 35 
come î, 35 
go hill, 36 
hill along, 36 
wall wa, 36 
wa gate, 36 
gate lean, 36 
lean view, 36 
view turn, 36 
turn first, 36 
see come, 36 
hill meet, 36 
meet day, 36 
wa mingle, 36 
mingle great, 36 
great small, 36 
small footprints, 36 
footprints summer, 36 
summer dust, 36 
dust draw, 36 
draw figure, 36 
figure less, 36 
less two, 36 
two one, 36 
one yet, 36 
yet paradol, 36 
paradol point, 36 
point devil, 36 
devil one, 36 
one deep, 36 
deep thrust, 36 
thrust time, 36 
time talk, 41, 36 
talk seem, 36 
seem see, 36 
see cometh, 36 
cometh smile, 36 
smile dust, 36 
dust oh, 36 
oh wa, 36 
wa without, 36 
without prejudice, 36 
prejudice afterward, 36 
afterward go, 36 
go past, 49, 36 
past pas, 36 
pas before, 36 
before meet, 36 
meet pass, 36 
june brook, 37 
brook run, 37 
run song, 37 
song speed, 37 
speed seek, 37 
seek much, 37 
much find, 37 
either go, 37 
go rope, 37 
rope underground, 37 
underground take, 37 
take half, 37 
half breed, 37 
breed shout, 37 
shout mist, 37 
mist month, 37 
month ago, 37 
ago like, 37 
ghost sleigh, 37 
sleigh bell, 37 
bell ghost, 37 
ghost snow, 37 
snow flourish, 37 
flourish come, 37 
come jewel, 37 
jewel weed, 37 
weed weak, 37 
weak foliage, 37 
foliage blow, 37 
blow upon, 37 
upon bend, 37 
bend even, 37 
even way, 37 
way water, 37 
water go, 37 
go bed, 37 
bed leave, 37 
leave fade, 37 
fade paper, 37 
paper sheet, 37 
sheet dead, 37 
stick together, 37 
together heat, 37 
heat brook, 37 
brook none, 37 
none remember, 37 
remember long, 37 
long the, 37 
the see, 37 
see far, 37 
far brook, 37 
brook take, 37 
take otherwher, 37 
otherwher song, 37 
song love, 37 
love thing, 37 
thing love, 37 
singer everyone, 38 
everyone ha, 38 
ha hear, 38 
hear loud, 38 
loud mid, 38 
mid summer, 38 
summer mid, 38 
mid wood, 38 
wood bird, 38 
bird make, 38 
make solid, 38 
solid tree, 38 
tree trunk, 38 
trunk sound, 38 
sound say, 38 
say leave, 38 
leave old, 38 
old flower, 38 
flower mid, 38 
summer spring, 38 
spring one, 38 
one ten, 38 
ten say, 38 
say early, 38 
early petal, 38 
petal fall, 40, 38 
fall past, 38 
past pear, 38 
pear cherry, 38 
cherry bloom, 38 
bloom go, 38 
go shower, 38 
shower sunny, 38 
sunny day, 38 
day moment, 38 
moment overcast, 38 
overcast come, 38 
come fall, 38 
fall name, 38 
name fall, 38 
fall say, 38 
say highway, 38 
highway dust, 38 
dust bird, 38 
bird would, 38 
would cease, 38 
cease bird, 38 
bird know, 38 
know sing, 38 
sing sing, 38 
sing question, 38 
question frame, 38 
frame word, 38 
word make, 38 
make diminish, 38 
diminish thing, 38 
love ha, 39 
ha earth, 39 
earth cling, 39 
cling hill, 39 
hill circle, 39 
circle arm, 39 
arm wall, 39 
wall within, 39 
within wall, 39 
wall shut, 39 
shut fear, 39 
fear think, 39 
think ha, 39 
ha need, 39 
need thing, 39 
thing thought, 39 
thought ha, 39 
ha pair, 39 
pair doubtless, 39 
doubtless wing, 39 
wing snow, 39 
snow sand, 39 
sand turf, 39 
turf see, 39 
see love, 39 
ha leave, 39 
leave print, 39 
print trace, 39 
trace strain, 39 
strain world, 39 
world embrace, 39 
embrace love, 39 
love glad, 39 
glad think, 39 
ha shake, 39 
shake hi, 39 
hi ankle, 39 
ankle free, 39 
free thought, 39 
thought clear, 39 
clear interstellar, 39 
interstellar gloom, 39 
gloom sit, 39 
sit siriusí, 39 
siriusí disc, 39 
disc night, 39 
night till, 39 
till day, 39 
day make, 39 
make retract, 39 
retract hi, 39 
hi flight, 39 
flight smell, 39 
smell burn, 39 
burn every, 39 
every plume, 39 
plume back, 39 
back past, 39 
past sun, 39 
sun earthly, 39 
earthly room, 39 
room hi, 39 
hi gain, 39 
gain heaven, 39 
heaven yet, 39 
yet say, 39 
say love, 39 
love thrill, 39 
thrill simple, 39 
simple stay, 39 
stay possess, 39 
possess never, 39 
never beauty, 39 
beauty think, 39 
think fare, 39 
fare far, 39 
far find, 39 
find fuse, 39 
fuse not, 39 
not star, 39 
come fetch, 40 
fetch work, 40 
work night, 40 
night supper, 40 
supper table, 40 
table well, 40 
well see, 40 
see leave, 40 
leave burn, 40 
burn white, 40 
white soft, 40 
soft petal, 40 
fall apply, 40 
apply tree, 40 
tree soft, 40 
petal ye, 40 
ye barren, 40 
barren quit, 40 
quit mingle, 40 
mingle smooth, 40 
smooth bean, 40 
bean wrinkle, 40 
wrinkle pea, 40 
pea go, 40 
go along, 40 
along ere, 40 
ere lose, 40 
lose sight, 40 
sight come, 40 
come become, 40 
become like, 40 
like slave, 40 
slave springtime, 40 
springtime passion, 40 
passion earth, 40 
earth love, 40 
love burn, 40 
burn put, 40 
put seed, 40 
seed watch, 40 
watch early, 40 
early birth, 40 
birth soil, 40 
soil varnish, 40 
varnish weed, 40 
weed sturdy, 40 
sturdy seed, 40 
seed arch, 40 
arch body, 40 
body come, 40 
come shoulder, 40 
shoulder way, 40 
way shed, 40 
shed earth, 40 
earth club, 40 
friend call, 41 
call road, 41 
road slow, 41 
slow hi, 41 
hi for, 41 
for mean, 41 
mean walk, 41 
walk dont, 41 
dont stand, 41 
still look, 41 
look around, 41 
around hill, 41 
hill haven, 41 
haven ho, 41 
ho shout, 41 
shout time, 41 
talk thrust, 41 
thrust he, 41 
he mellow, 41 
mellow ground, 41 
ground blade, 41 
blade end, 41 
end five, 41 
five foot, 41 
foot tall, 41 
tall plot, 41 
plot go, 41 
go stone, 41 
stone wall, 41 
wall friendly, 41 
friendly visit, 41 
cometh inspire, 42 
inspire only, 42 
only cow, 42 
cow late, 42 
late make, 42 
make wall, 42 
wall open, 42 
open gate, 42 
gate think, 42 
think wall, 42 
wall builder, 42 
builder fool, 42 
fool face, 42 
face fleck, 42 
fleck woman, 42 
woman droop, 42 
droop cider, 42 
cider syrupy, 42 
syrupy last, 42 
last fruit, 42 
fruit scorn, 42 
scorn pasteur, 42 
pasteur either, 42 
either root, 42 
root run, 42 
run tree, 42 
tree tree, 42, 43 
tree lie, 42 
lie sweeter, 42 
sweeter windfall, 42 
windfall spike, 42 
spike stubble, 42 
stubble worm, 42 
worm eat, 42 
eat leave, 42 
leave bite, 42 
bite ha, 42 
ha fly, 42 
fly fellow, 42 
fellow knoll, 42 
knoll sky, 42 
sky udder, 42 
udder shrivels, 42 
shrivels milk, 42 
milk go, 42 
go dry, 42 
on kind, 43 
kind day, 43 
day call, 43 
call death, 43 
death bleeder, 43 
bleeder î, 43 
î heat, 43 
heat slowly, 43 
slowly haze, 43 
haze sun, 43 
sun power, 43 
power seem, 43 
seem union, 43 
union wa, 43 
wa half, 43 
half bear, 43 
bear half, 43 
half climb, 43 
climb swamp, 43 
swamp cedar, 43 
cedar choke, 43 
choke oil, 43 
oil cedar, 43 
cedar scurf, 43 
scurf plant, 43 
plant weary, 43 
weary heat, 43 
heat sorry, 43 
sorry ever, 43 
ever leave, 43 
leave road, 43 
road know, 43 
know pus, 43 
pus rest, 43 
rest sort, 43 
sort hook, 43 
hook coat, 43 
coat good, 43 
good seat, 43 
seat since, 43 
since wa, 43 
wa way, 43 
way look, 43 
look look, 43 
look toward, 43 
toward heaven, 43 
heaven blue, 43 
blue stand, 43 
stand recurrent, 43 
recurrent tree, 43 
tree rays, 43 
rays darkness, 43 
darkness specter, 43 
specter halt, 43 
halt fear, 43 
fear tread, 43 
tread upon, 43 
upon see, 43 
see strange, 43 
strange post, 43 
post hi, 43 
hand hi, 43 
hi shoulder, 43 
shoulder drag, 43 
drag yellow, 43 
yellow strand, 43 
strand wire, 43 
wire cometh, 43 
cometh man, 43 
man you, 43 
you î, 43 
î say, 43 
say where, 43 
where agent, 43 
agent nowadays, 43 
nowadays what, 43 
what news, 43 
news carry, 43 
carry know, 43 
know tell, 43 
tell your, 43 
your montreal, 43 
montreal ism, 43 
ism anywhere, 43 
anywhere sometime, 43 
sometime wander, 43 
wander beat, 43 
beat way, 43 
way half, 43 
half look, 43 
look arched, 43 
arched calypso, 43 
battle rent, 44 
rent cobwebs, 44 
cobwebs diamond, 44 
diamond strong, 44 
strong cut, 44 
cut flower, 44 
flower beside, 44 
beside ground, 44 
ground bird, 44 
bird nest, 44 
nest before, 44 
before stain, 44 
stain single, 44 
single human, 44 
human breast, 44 
breast stricken, 44 
stricken flower, 44 
flower bent, 44 
bent doubt, 44 
doubt hung, 44 
hung still, 44 
still bird, 44 
bird visit, 44 
visit young, 44 
young butterfly, 44 
butterfly fall, 44 
fall dispossess, 44 
dispossess moment, 44 
moment seek, 44 
seek air, 44 
air hi, 44 
hi flower, 44 
flower rest, 44 
rest lightly, 44 
lightly stoop, 44 
stoop flutter, 44 
flutter clung, 44 
clung bare, 44 
bare upland, 44 
upland pasteur, 44 
pasteur spread, 44 
spread overnight, 44 
overnight twist, 44 
twist mallein, 44 
mallein stalk, 44 
stalk wheel, 44 
wheel thread, 44 
thread strain, 44 
strain call, 44 
call wet, 44 
wet silver, 44 
silver dew, 44 
dew sudden, 44 
sudden pass, 44 
pass bullet, 44 
bullet shake, 44 
shake dry, 44 
dry indeed, 44 
indeed spider, 44 
spider run, 44 
run greet, 44 
greet fly, 44 
fly find, 44 
find not, 44 
not sullenly, 44 
sullenly withdraw, 44 
one ought, 45 
ought care, 45 
care much, 45 
much care, 45 
care bird, 45 
bird come, 45 
come round, 45 
round house, 45 
house seem, 45 
seem say, 45 
say good, 45 
good bye, 45 
bye care, 45 
much come, 45 
back what, 45 
what sing, 45 
sing truth, 45 
truth much, 45 
much glad, 45 
glad one, 45 
one thing, 45 
thing sad, 45 
sad bird, 45 
bird fill, 45 
fill breast, 45 
breast themselves, 45 
themselves build, 45 
build drive, 45 
drive nest, 45 
away tell, 46 
tell the, 46 
the learn, 46 
learn away, 46 
away night, 46 
night return, 46 
return lone, 46 
house far, 46 
away lamp, 46 
lamp sunlight, 46 
sunlight fire, 46 
fire go, 46 
go gray, 46 
gray learn, 46 
learn rattle, 46 
rattle lock, 46 
lock key, 46 
key give, 46 
give what, 46 
what may, 46 
may chance, 46 
chance warn, 46 
warn time, 46 
time flight, 46 
flight prefer, 46 
prefer door, 46 
door night, 46 
night learn, 46 
learn leave, 46 
leave house, 46 
house door, 46 
door wide, 46 
wide light, 46 
light lamp, 46 
lamp inside, 46 
didn like, 47 
like way, 47 
way go, 47 
away smile, 47 
smile never, 47 
never come, 47 
come gay, 47 
gay still, 47 
still smile, 47 
smile see, 47 
see wa, 47 
wa sure, 47 
sure perhaps, 47 
perhaps because, 47 
because give, 47 
give only, 47 
only bread, 47 
bread wretch, 47 
wretch know, 47 
know poor, 47 
poor perhaps, 47 
because let, 47 
us give, 47 
give instead, 47 
instead seize, 47 
seize us, 47 
us may, 47 
may seize, 47 
seize perhaps, 47 
perhaps mock, 47 
mock us, 47 
us would, 47 
would very, 47 
very young, 47 
young wa, 47 
wa plea, 47 
plea vision, 47 
vision us, 47 
us old, 47 
old dead, 47 
dead wonder, 47 
wonder far, 47 
far road, 47 
road he, 47 
he get, 47 
get he, 47 
he watch, 47 
watch wood, 47 
wood like, 47 
say dark, 48 
dark enough, 48 
enough dark, 48 
dark pine, 48 
pine keep, 48 
keep fore, 48 
fore try, 48 
try window, 48 
window latch, 48 
latch room, 48 
room sleep, 48 
sleep tireless, 48 
tireless ineffectual, 48 
ineffectual hand, 48 
hand every, 48 
every futile, 48 
futile pass, 48 
pass make, 48 
make great, 48 
great tree, 48 
tree seem, 48 
seem little, 48 
little bird, 48 
bird before, 48 
before mystery, 48 
mystery glass, 48 
glass 39, 48 
39 never, 48 
never inside, 48 
inside room, 48 
room only, 48 
only one, 48 
one two, 48 
two wa, 48 
wa afraid, 48 
afraid oft, 48 
oft repeat, 48 
repeat dream, 48 
dream tree, 48 
tree may, 48 
come line, 49 
line gang, 49 
gang pioneer, 49 
pioneer throw, 49 
throw forest, 49 
forest less, 49 
less cut, 49 
cut broken, 49 
broken plant, 49 
plant dead, 49 
dead tree, 49 
tree live, 49 
dead string, 49 
string together, 49 
together live, 49 
live thread, 49 
thread sir, 49 
sir instrument, 49 
instrument sky, 49 
sky wherein, 49 
wherein word, 49 
word whether, 49 
whether beat, 49 
beat speak, 49 
speak run, 49 
run hush, 49 
hush thought, 49 
thought hush, 49 
hush sir, 49 
sir go, 49 
past shout, 49 
shout afar, 49 
afar pull, 49 
pull call, 49 
call taut, 49 
taut hold, 49 
hold hard, 49 
hard make, 49 
make fast, 49 
fast was, 49 
was away, 49 
away laugh, 49 
laugh oath, 49 
oath town, 49 
town set, 49 
set wild, 49 
wild naught, 49 
naught bring, 49 
bring telephone, 49 
telephone telegraph, 49 
wonder tree, 50 
tree who, 50 
who wish, 50 
wish bear, 50 
bear fore, 50 
fore noise, 50 
noise not, 50 
not noise, 50 
noise close, 50 
close dwell, 50 
dwell place, 50 
place suffer, 50 
suffer day, 50 
day till, 50 
till lose, 50 
lose measure, 50 
measure pace, 50 
pace fixity, 50 
fixity joy, 50 
joy acquire, 50 
acquire listen, 50 
listen air, 50 
air talk, 50 
talk go, 50 
go never, 50 
never get, 50 
get away, 50 
away talk, 50 
talk less, 50 
less know, 50 
know grow, 50 
grow wise, 50 
wise old, 50 
old mean, 50 
mean stay, 50 
stay foot, 50 
foot tug, 50 
tug floor, 50 
floor head, 50 
head sway, 50 
sway shoulder, 50 
shoulder sometime, 50 
sometime watch, 50 
watch tree, 50 
tree sway, 50 
sway window, 50 
window door, 50 
door shall, 50 
shall set, 50 
forth somewhere, 50 
somewhere shall, 50 
shall make, 50 
make reckless, 50 
reckless choice, 50 
choice day, 50 
day voice, 50 
voice toss, 50 
toss scare, 50 
scare white, 50 
white cloud, 50 
cloud shall, 50 
shall less, 50 
say shall, 50 
shall go, 50 
